run,iteration,transaction_setup,advisory_locks,t0_capture,ed25519_key_generation,spki_fingerprint,v040_staging,manifest_encoding,plan_fingerprint,pre_sign_guard,sign,jca_verify,postgresql_verify,v043_staging,consistency_queries,pre_commit_guard,commit,query_first,total_us
1,-10,889.600,1361.800,2024.000,29799.700,322.100,16072.300,5466.100,700.500,2060.600,7135.500,10443.900,3664.100,16548.400,3756.200,1866.000,1282.100,20826.100,124228.000
1,-9,1149.700,1142.800,988.200,1118.400,59.000,7472.100,670.000,292.300,1137.000,1299.800,1742.600,1746.200,8340.500,2562.000,1017.400,781.200,17456.900,48982.800
1,-8,976.400,1438.300,1024.500,844.800,45.700,8629.000,728.000,570.300,2274.400,1692.100,1470.100,1844.800,9472.200,2375.900,908.000,804.200,16532.600,51637.900
1,-7,1172.800,1128.000,973.500,705.300,56.600,7712.900,761.100,465.400,1121.900,1075.200,1355.500,1599.900,9229.400,2733.300,1043.200,862.500,17429.000,49432.900
1,-6,1206.300,1038.200,953.100,670.300,39.200,8053.300,900.600,302.400,1878.600,1234.200,1392.700,2188.000,17161.400,6760.100,1560.800,1292.800,23678.100,70320.700
1,-5,1730.900,1373.200,1630.800,760.400,52.300,14593.400,566.900,156.600,1675.800,1290.300,1495.200,1445.100,11642.200,3882.200,1921.800,2302.400,24770.800,71300.100
1,-4,1535.600,1235.400,1170.000,684.300,219.200,10862.700,451.400,108.600,1128.900,1118.900,1454.700,1768.800,9779.700,2554.400,990.400,772.800,17878.300,53721.500
1,-3,1211.200,989.100,943.500,506.200,34.300,7954.100,612.100,85.500,1085.900,951.300,845.900,1410.000,7825.000,2449.900,917.800,620.200,15222.400,43670.300
1,-2,952.600,784.600,879.300,498.300,32.700,7316.900,504.600,223.100,1316.700,971.300,1459.500,1964.600,11067.000,2967.200,1271.000,1314.100,18886.400,52418.100
1,-1,1761.800,1049.200,1120.400,585.600,75.000,9508.900,435.200,99.100,1475.600,1074.000,782.000,1607.900,8325.800,2221.900,926.600,914.200,14513.600,46486.000
1,0,1248.500,1378.100,953.600,532.000,37.200,8789.100,348.800,61.000,787.000,815.600,758.700,1111.000,6491.400,1740.300,781.000,837.200,15485.400,42162.200
1,1,1210.900,1208.900,982.300,581.500,39.100,9516.700,717.300,205.000,1408.500,1159.100,1253.900,1598.600,8763.900,2056.900,928.900,959.900,19924.600,52524.800
1,2,1481.300,1678.000,1099.100,589.200,35.200,9492.200,525.600,71.600,1723.800,1647.700,1117.200,1865.000,6919.800,1731.300,879.800,729.900,14697.900,46292.500
1,3,1356.500,714.900,866.500,462.200,27.100,7095.900,260.100,49.700,1302.800,747.600,794.000,1073.700,6395.900,1643.700,757.800,690.100,13881.500,38125.900
1,4,854.200,846.900,846.100,537.900,55.800,9544.100,401.100,54.700,1582.800,1110.000,970.500,1449.000,6520.800,2088.800,768.400,834.200,13506.700,41979.100
1,5,1195.400,776.400,917.300,464.000,27.400,8314.700,342.600,54.500,866.200,945.000,1020.000,1367.800,6765.800,1576.300,739.000,770.800,16342.300,42492.700
1,6,923.300,860.000,1014.900,569.000,27.800,8135.700,648.700,119.300,1064.000,966.200,1264.000,1716.600,10610.800,2699.000,1028.300,1009.200,17914.800,50580.900
1,7,1378.100,887.100,973.700,527.100,31.000,8663.600,544.300,57.100,1154.900,852.500,1124.300,1511.500,9028.100,1899.900,803.400,822.200,19010.500,49279.200
1,8,1270.200,934.200,978.800,517.900,35.100,9025.300,615.100,84.200,1105.800,827.700,958.700,1347.100,7255.400,1691.800,862.800,791.000,16905.900,45216.500
1,9,1000.700,1073.500,947.400,570.100,40.500,8189.000,1023.600,95.600,1166.000,1084.000,1065.700,1304.200,6978.000,2247.700,1158.300,784.900,14531.100,43270.800
1,10,894.200,1110.500,931.400,559.700,32.400,7287.900,242.400,49.800,759.400,745.000,902.900,1403.000,6012.100,1700.000,663.700,633.700,13355.500,37291.200
1,11,872.100,748.500,821.900,419.000,40.500,6675.700,230.800,47.500,598.400,975.100,732.100,1300.100,5966.900,1598.100,698.400,689.500,13848.900,36270.800
1,12,837.400,685.500,775.500,445.500,23.100,7186.600,206.200,123.300,1211.300,805.000,859.900,1052.900,6679.000,1929.500,764.700,656.500,13825.000,38082.100
1,13,972.100,720.000,861.100,486.600,33.400,6104.300,243.600,47.600,651.000,753.100,810.600,1203.900,5055.700,1340.800,744.200,540.900,12266.700,32841.700
1,14,867.300,643.400,674.200,443.000,30.700,6173.300,222.600,44.500,601.800,742.900,857.800,1089.900,5330.600,1940.300,778.000,685.200,13680.200,34812.200
1,15,711.100,855.900,977.200,470.500,30.400,7356.500,253.600,83.300,1028.200,1289.800,835.300,1155.300,6676.100,1774.400,978.900,720.200,14735.900,39940.000
1,16,720.500,662.100,756.600,404.800,20.800,6327.800,243.600,42.700,538.900,644.300,773.400,1084.300,5127.000,1357.900,644.700,591.800,13285.500,33235.200
1,17,823.900,628.600,776.000,399.100,21.400,5674.900,184.700,41.500,672.200,730.600,743.500,1479.600,5369.500,1432.500,595.000,546.700,15610.100,35735.600
1,18,707.700,582.100,638.100,373.800,20.200,5394.300,158.900,49.500,733.600,643.400,744.700,1015.800,4833.800,1998.200,647.500,527.900,15582.800,34658.400
1,19,580.900,625.200,678.500,350.800,17.900,11422.500,252.600,43.600,5553.200,727.600,776.100,4288.800,40711.700,1608.200,637.200,603.000,12979.200,81869.500
1,20,690.200,1170.400,788.800,430.000,18.000,5258.700,580.300,71.100,1268.600,799.100,1417.600,1399.600,6893.800,1732.100,759.000,735.700,14410.300,38431.800
1,21,626.700,681.600,1045.600,484.000,58.400,6511.500,218.500,122.100,678.300,801.100,890.400,922.100,5306.100,1442.400,698.300,612.800,13183.100,34292.800
1,22,2080.300,1046.000,1002.500,573.400,25.200,6954.800,234.900,52.100,720.900,836.300,811.200,1002.900,5595.800,1420.700,686.400,662.400,13053.500,36769.300
1,23,791.100,655.600,745.800,582.300,41.600,6130.000,193.900,41.400,736.500,870.400,780.400,947.000,7091.900,1912.600,931.900,873.100,18171.900,41506.300
1,24,1076.000,831.200,945.500,673.500,35.100,7784.200,201.700,47.700,781.500,1125.700,820.000,1293.600,8913.300,2426.100,803.700,747.000,15981.900,44498.800
1,25,1065.400,997.700,1126.300,568.800,39.800,134195.200,493.400,376.000,1159.400,1002.600,988.700,914.400,15369.500,1760.400,2775.400,2062.300,123145.100,288051.800
1,26,1586.700,1851.100,765.500,551.400,29.800,12831.800,368.400,58.700,1991.200,1796.900,1118.000,2303.700,7453.100,1619.200,727.500,913.500,59115.000,95092.400
1,27,1622.400,793.500,845.900,548.500,44.300,8086.900,248.900,42.000,884.200,740.400,739.700,1271.300,6873.000,1741.300,1261.200,828.100,13397.500,39980.600
1,28,766.300,822.000,804.200,427.500,30.000,8413.700,510.700,63.600,1297.700,1023.400,1004.600,1730.300,8218.100,1815.500,922.900,904.000,14884.700,43650.300
1,29,1075.800,1217.400,909.300,651.000,35.900,8249.600,523.400,47.600,940.400,849.400,880.300,1338.600,6181.700,1850.400,761.200,667.400,14508.800,40700.600
1,30,1370.100,1049.000,982.200,607.000,46.300,9438.200,248.600,48.900,1052.000,1116.200,901.500,1576.600,7837.500,1941.100,860.000,796.700,19346.600,49232.400
1,31,1197.900,1274.800,1187.100,524.800,23.700,8150.200,212.000,66.800,1107.000,863.800,782.600,1294.800,8528.900,2256.700,1057.100,1156.300,21207.100,50903.300
1,32,1543.200,1261.800,1251.900,548.000,25.000,7736.900,287.200,65.800,847.000,1024.200,1181.000,1357.600,6018.600,1506.800,700.800,707.600,12210.300,38285.700
1,33,685.900,678.200,688.200,403.900,18.600,6094.700,183.900,40.000,628.200,687.200,596.900,851.400,5784.100,1395.400,699.700,699.900,13017.700,33159.800
1,34,812.800,624.600,818.700,440.100,21.100,5721.900,173.500,36.100,694.100,739.200,735.300,1382.000,6127.700,1458.300,672.000,572.400,14144.300,35181.900
1,35,855.400,864.500,1009.100,673.600,43.600,7153.900,348.600,61.600,766.300,1190.500,1618.300,1171.700,4835.100,1104.600,652.200,664.200,13432.300,36456.100
1,36,861.100,611.400,667.700,562.200,33.200,6683.800,369.500,57.000,697.100,1079.600,2067.100,825.400,12813.600,1490.300,1518.700,2047.900,21174.600,53570.700
1,37,775.900,772.300,1051.200,1281.600,50.900,7915.900,256.600,53.500,704.800,1134.000,1403.900,1115.800,5277.300,1407.300,695.100,537.800,13197.700,37642.700
1,38,1060.700,832.400,766.600,599.200,29.600,5993.500,248.600,55.800,610.300,1052.600,1171.300,801.500,5838.500,1328.900,643.900,721.600,14437.300,36200.900
1,39,744.900,509.100,615.000,640.800,30.500,5319.000,287.000,66.000,838.300,1091.700,1222.500,1038.700,5522.600,1975.500,775.500,721.600,16381.500,37789.600
1,40,662.700,525.800,1349.900,571.000,350.300,11253.400,377.300,69.900,657.700,1519.700,2677.900,2753.800,8411.600,3682.900,620.200,634.900,15797.600,51927.900
1,41,1229.500,699.800,904.400,3559.100,316.200,8501.900,369.000,60.000,694.000,1100.500,2004.200,1130.800,5844.300,1238.500,529.700,435.600,16398.000,45025.000
1,42,1257.600,661.500,731.100,572.900,37.900,10881.700,248.700,55.800,4790.900,1730.100,1014.800,1320.000,8175.800,3033.400,1057.400,923.900,27212.400,63717.700
1,43,736.000,626.600,797.200,589.000,32.600,7028.500,371.500,66.600,1018.500,1043.300,1577.200,1431.700,9186.100,1633.900,821.200,998.300,13754.700,41724.500
1,44,840.100,1038.100,888.700,641.500,127.100,6430.300,342.000,196.600,784.600,1355.500,2082.300,1218.500,6579.100,1595.600,702.600,695.400,14930.400,40460.200
1,45,775.000,743.100,693.500,568.900,31.000,6416.400,276.000,55.300,606.400,1153.400,1419.500,1163.800,5345.800,1434.000,620.900,682.300,13265.000,35260.000
1,46,686.800,640.100,571.700,546.000,25.100,6084.800,527.500,345.200,907.700,1018.700,2103.700,1100.200,5445.700,1169.600,516.000,547.700,13173.100,35418.700
1,47,640.100,590.200,573.400,508.000,26.400,7656.100,308.900,81.000,996.100,1238.500,1677.700,1232.400,5934.200,1491.300,675.400,605.800,14678.200,38923.700
1,48,972.100,559.600,1068.700,599.100,36.800,13278.500,471.800,70.500,1025.500,1416.500,1836.600,2021.900,9299.900,2311.100,956.700,835.100,24159.600,60986.500
1,49,893.300,920.500,816.200,637.000,30.000,7355.300,338.500,63.800,661.300,1567.600,1153.500,942.900,4634.300,1396.300,685.300,634.500,14063.400,36804.900
1,50,722.400,586.800,640.300,603.000,52.500,5781.700,513.200,60.100,627.900,1026.800,1026.700,930.000,4684.500,1628.800,839.000,767.200,14221.600,34721.900
1,51,1393.300,872.600,1039.400,649.600,33.000,6904.000,511.500,81.000,873.700,1160.700,1019.800,1080.900,7233.500,1649.600,693.100,574.700,15956.000,41738.400
1,52,691.600,693.300,938.700,569.500,29.700,7056.100,354.200,51.700,1088.700,1147.600,1802.700,942.200,5396.100,1434.300,610.700,581.800,17637.200,41036.100
1,53,787.000,709.800,743.300,559.700,30.800,7894.000,2457.300,86.100,3447.600,2982.500,5740.800,2008.300,8839.000,2343.000,872.900,803.300,16773.200,57095.100
1,54,1120.100,667.100,921.400,1426.200,89.600,6320.100,396.100,136.800,688.600,2192.000,1659.300,1693.200,7718.500,1665.800,987.100,1531.300,16585.200,45813.300
1,55,1122.400,810.400,948.200,890.900,38.600,6486.100,265.700,82.500,981.300,1019.900,1800.100,1428.100,5112.100,1881.700,873.000,745.700,15417.100,40002.700
1,56,718.700,651.400,567.800,676.000,37.800,6458.100,356.800,82.300,704.500,1418.700,1019.900,927.200,5618.400,1942.500,703.200,636.200,13067.900,35601.400
1,57,591.200,957.900,1202.800,534.200,29.600,6554.100,203.300,39.500,613.000,899.300,943.300,840.200,6043.500,1475.500,655.400,608.300,15629.700,37831.400
1,58,1042.500,647.400,799.100,506.000,26.300,5831.500,303.300,57.900,4236.300,1317.000,2429.700,4896.200,31323.100,2460.500,1350.100,673.200,16499.300,74410.500
1,59,826.400,625.600,644.500,515.100,25.600,6577.800,647.700,43.400,636.000,907.600,2371.800,975.300,29243.800,1428.600,4522.700,4825.100,22635.700,77462.500
1,60,1346.800,909.500,1001.000,528.200,29.500,7209.000,363.500,84.000,864.200,1843.200,1967.600,1332.400,7261.700,2333.600,540.300,604.000,16827.800,45060.500
1,61,1708.200,935.600,916.300,533.100,28.700,6190.200,606.200,44.200,780.200,1256.800,1638.800,1497.900,7384.100,1409.500,913.200,692.800,16136.900,42683.300
1,62,3344.100,952.700,1069.900,606.500,35.800,6061.400,213.400,42.400,616.900,1356.100,968.400,957.100,28887.400,2047.200,651.900,672.600,36329.300,84825.000
1,63,1634.000,836.700,909.700,515.100,23.700,29966.800,1024.400,45.300,2278.400,1520.900,993.200,4820.000,7121.400,2525.400,563.100,475.100,14577.800,69842.400
1,64,746.800,780.500,838.700,595.800,36.500,6744.800,710.100,86.200,910.500,919.400,1095.100,1894.800,6289.500,1667.700,659.100,768.300,14648.400,39402.400
1,65,719.400,562.800,674.900,612.300,30.300,6244.100,263.800,38.900,805.400,902.100,1027.000,933.900,6195.700,1483.000,811.100,956.700,14781.500,37052.100
1,66,1286.800,1217.800,875.300,651.000,32.200,21404.200,227.600,94.100,2990.300,1100.900,1216.700,1482.600,6750.500,1697.800,913.600,763.100,21045.700,63763.400
1,67,888.900,801.100,874.800,594.700,47.500,8543.100,241.100,45.100,550.800,890.900,910.300,993.500,8609.000,2542.400,758.300,708.800,15941.500,43952.700
1,68,864.300,610.000,770.400,526.000,39.100,6382.100,205.400,41.900,614.000,1412.500,1047.300,2280.100,17799.600,1417.600,657.900,1061.000,23629.500,59369.300
1,69,1308.100,1243.300,740.800,519.200,27.100,27678.300,331.100,38.600,4428.100,914.500,1532.700,3893.500,7774.200,2217.300,713.400,847.900,14010.900,68231.000
1,70,809.500,781.800,694.600,560.600,31.700,6169.800,290.500,79.500,675.700,951.000,991.100,949.600,5241.700,1350.600,609.900,676.800,12233.000,33107.100
1,71,730.400,654.600,599.300,505.300,23.800,5733.900,170.800,36.600,602.200,1513.700,1337.800,762.200,5020.400,1346.100,553.900,574.600,30620.700,50795.700
1,72,889.100,5879.900,11926.300,1021.900,42.100,20262.200,209.600,40.400,1030.000,1455.400,913.100,881.200,34403.100,4187.000,802.000,2114.200,25577.300,111647.200
1,73,1820.500,1464.200,894.500,506.800,26.600,7648.500,231.900,43.100,903.100,1578.500,1101.900,1353.200,21774.500,1616.200,800.300,1150.100,26829.700,69754.000
1,74,891.200,893.900,2985.500,513.000,23.000,12635.800,200.400,42.900,886.700,2031.100,1030.700,860.100,6416.600,1604.600,725.800,1407.100,15351.700,48551.100
1,75,2001.500,681.100,788.200,937.300,33.900,7557.300,194.700,115.100,693.300,1245.400,1689.300,1123.800,5383.900,1345.700,612.700,652.600,13933.400,39001.700
1,76,1203.300,582.900,635.300,546.900,28.500,6358.000,184.100,66.000,886.200,994.500,843.600,881.600,5324.500,1261.200,521.700,556.000,14079.300,34963.300
1,77,1012.500,573.100,1154.000,627.900,26.400,30975.100,329.200,74.800,1720.200,885.900,1594.400,1481.000,6680.300,1762.500,665.000,695.800,15272.900,65542.600
1,78,961.700,828.900,828.700,485.400,22.400,6889.100,186.400,49.900,637.600,880.900,1192.400,909.100,5653.800,1427.800,473.200,500.500,16058.900,38001.600
1,79,967.900,576.100,783.100,919.400,35.900,7265.700,292.100,153.900,766.400,1053.100,1699.700,1087.200,36480.900,4291.800,887.700,1311.100,62930.900,121514.900
1,80,4541.500,4446.900,5808.500,1402.700,43.600,28301.000,468.600,46.700,1339.200,1443.100,1217.600,2359.700,8299.700,1888.100,857.400,708.000,15331.400,78516.400
1,81,1244.700,1317.900,651.000,496.000,23.800,6781.000,294.700,37.900,2539.700,997.500,900.700,948.900,7397.800,1778.500,1030.900,803.500,15313.200,42568.100
1,82,3851.800,791.500,806.300,484.800,21.800,8582.700,198.300,37.900,1389.500,1364.700,2148.300,2524.700,23153.000,2239.800,855.400,516.600,19073.400,68076.500
1,83,1156.300,771.100,915.500,499.900,25.000,9023.800,246.600,43.700,804.400,1123.400,957.400,1074.200,5646.500,3308.600,631.700,703.000,17729.100,44671.900
1,84,908.100,673.000,700.200,478.900,35.600,6338.400,329.400,64.900,739.400,1095.000,1201.000,1087.200,9252.900,3525.500,1780.200,1996.400,28392.800,58610.200
1,85,6253.000,6433.000,3993.300,500.600,24.300,28856.100,3208.600,76.400,2448.900,1642.500,1997.700,2321.900,7478.000,2502.000,1419.900,1019.300,19063.800,89257.900
1,86,797.600,592.300,601.100,521.400,24.100,6570.800,229.000,49.600,678.700,1389.300,1077.200,1352.100,6301.900,1670.500,659.000,803.300,16319.900,39646.500
1,87,1211.700,582.200,725.200,493.600,23.000,6106.600,429.200,68.900,2143.700,915.900,2177.600,949.500,9781.900,1999.000,528.300,640.500,17620.300,46408.600
1,88,831.200,642.200,731.700,468.600,20.900,6702.300,239.000,34.500,766.800,1618.000,1574.100,1219.100,5556.000,1246.800,712.300,600.900,15606.800,38580.800
1,89,715.300,626.500,1176.200,508.500,25.500,5407.200,133.200,29.400,685.100,853.500,1896.100,1121.900,32975.100,12826.700,7947.700,1330.200,33727.100,101996.500
1,90,2344.000,919.300,784.000,508.000,39.900,10437.200,156.400,31.600,3348.800,891.200,1068.100,1819.600,34496.900,10657.100,6667.600,7912.000,38350.300,120445.700
1,91,1605.000,3051.700,1217.800,494.200,158.900,11388.000,160.200,30.900,747.800,1500.900,2009.300,1187.600,9422.800,17113.300,3685.500,2975.000,20497.800,77260.300
1,92,651.900,622.800,691.600,526.100,60.400,6286.900,189.000,56.300,929.100,1177.800,1258.700,1006.900,5795.200,1823.200,606.200,593.500,14505.500,36801.900
1,93,759.800,605.900,881.500,1090.000,39.200,6323.900,229.400,57.700,760.900,874.000,1062.800,1109.100,5312.300,1424.300,628.500,655.400,12863.000,34769.700
1,94,1099.500,627.600,672.000,493.800,21.900,6597.700,139.500,30.900,708.900,1780.400,2317.900,1387.900,5849.900,1656.100,585.700,712.000,25332.100,50023.200
1,95,933.900,523.700,714.900,488.000,22.300,5907.300,227.600,33.800,537.900,890.900,1140.600,964.600,4757.800,1376.400,643.500,503.200,37386.800,57061.400
1,96,4832.000,3942.900,8182.500,1069.000,43.000,42408.000,186.300,56.100,957.200,1666.500,1942.400,2653.300,14623.500,2208.600,990.200,694.900,14394.400,100866.400
1,97,679.200,607.900,673.000,574.300,26.700,6549.100,261.200,63.200,1022.800,1923.800,1905.500,1173.200,5797.300,1703.900,816.800,707.500,16317.600,40814.600
1,98,1044.900,922.800,914.900,478.000,20.900,7184.400,152.500,29.900,858.600,1938.800,1962.300,1170.900,7250.200,1614.700,718.200,2459.800,16584.600,45317.300
1,99,1311.400,645.200,694.100,571.200,21.100,7444.100,168.900,30.600,688.400,869.300,1300.800,3005.100,6710.200,1666.000,988.200,850.500,16880.500,43856.400
2,-10,987.000,1243.700,1566.500,37369.800,141.100,13848.900,4121.500,637.400,1394.600,5123.500,3889.500,3466.200,13367.200,3873.000,1223.700,1019.000,19073.100,112352.300
2,-9,951.500,923.400,895.600,1250.300,43.800,5176.600,479.700,238.400,813.200,1284.100,2866.800,1625.300,7789.500,2127.600,997.100,748.200,14549.500,42766.000
2,-8,1109.200,872.700,808.800,553.600,35.000,7013.100,704.400,252.800,1592.500,1099.700,1317.400,1474.100,7322.100,2531.800,966.200,917.900,15336.200,43913.400
2,-7,904.900,923.400,852.700,626.500,52.600,5715.300,613.700,353.800,1100.400,1067.000,1401.000,1515.600,7575.100,3383.000,1074.400,1041.900,14535.500,42744.100
2,-6,1085.900,914.800,833.400,550.200,34.500,5122.700,589.700,171.200,1402.300,981.700,1018.800,1264.100,9757.500,3151.700,1370.700,1028.200,24467.800,53752.300
2,-5,1489.100,1406.000,1327.800,652.700,51.500,12821.200,725.400,135.300,1759.600,1245.000,1326.400,2329.600,14663.300,4359.700,2095.600,1712.000,24011.800,72122.700
2,-4,1528.700,2077.800,1622.300,727.700,88.600,11629.400,530.600,116.400,1767.000,1289.800,1600.800,2082.500,9187.700,2514.200,1201.400,1007.100,19906.400,58886.800
2,-3,1180.000,1051.200,937.100,689.900,44.300,12122.600,1140.200,173.300,2484.200,2130.300,1790.100,1794.900,13981.000,3329.500,1348.800,1045.200,22085.400,67337.600
2,-2,1455.000,1576.400,1210.200,640.600,43.000,12044.800,537.100,212.900,1730.300,1067.300,1353.500,1695.700,11650.800,2857.800,2278.900,1350.500,21389.100,63102.700
2,-1,2259.700,1662.100,1757.800,927.300,142.200,12992.200,417.400,143.300,1361.300,1396.200,1184.700,1673.800,10378.100,3145.700,973.600,951.600,21335.200,62710.800
2,0,1408.200,1220.400,1045.300,549.800,45.600,9809.600,631.500,150.900,1345.900,1600.100,1742.600,1354.900,11102.000,2247.400,1002.400,831.600,18615.500,54715.200
2,1,1379.200,1422.900,2798.800,686.900,33.400,10460.100,1704.600,688.100,1732.900,1252.500,1407.800,1433.700,8602.000,1988.500,879.500,932.300,18306.500,55724.800
2,2,1342.500,1744.300,1085.600,599.600,33.500,8185.200,472.100,71.900,1386.800,1000.600,1080.800,1385.400,8235.100,1773.700,848.100,643.300,16427.700,46324.900
2,3,988.100,821.500,859.500,555.700,31.700,9339.000,368.500,78.000,1066.800,1090.300,1232.200,1637.200,7590.700,2272.800,908.700,656.900,14394.800,43901.500
2,4,786.800,705.000,710.700,496.500,25.100,6204.700,266.400,59.600,611.800,973.400,837.800,1204.700,5342.300,1622.500,646.100,606.600,14866.700,35971.700
2,5,931.600,748.300,711.600,521.900,38.800,7694.000,379.900,51.500,799.700,696.400,863.000,996.600,5741.600,1439.200,623.100,809.200,12689.600,35743.400
2,6,867.400,694.400,875.200,483.300,24.600,6927.600,598.200,64.800,818.700,799.200,810.500,1222.800,5485.000,1531.300,834.300,684.900,13667.700,36397.100
2,7,1081.400,1670.500,924.900,507.200,31.100,7002.500,315.800,52.400,676.200,749.600,1047.400,1001.700,7035.200,1888.500,631.900,525.400,16843.400,41992.600
2,8,921.600,615.700,672.900,619.200,50.600,6251.500,319.900,71.500,779.200,806.900,919.200,1384.100,6600.100,1731.900,1043.400,828.500,14589.800,38213.700
2,9,1037.600,653.700,744.000,454.800,61.700,6446.300,681.100,110.800,698.900,828.000,1005.800,1059.800,5063.300,1490.500,829.900,631.400,15709.300,37514.700
2,10,909.700,677.800,732.800,704.100,32.800,5942.800,247.500,45.100,617.300,888.600,1134.900,1294.400,6080.000,1591.700,646.300,739.000,13504.400,35796.900
2,11,759.900,698.500,748.400,494.000,42.400,6518.400,239.900,47.700,713.700,1192.500,801.000,950.800,5416.700,1529.700,600.100,600.100,12218.900,33581.600
2,12,724.700,799.700,910.200,439.900,25.300,5932.100,213.900,47.900,683.400,772.500,711.400,1599.600,7123.100,1554.800,745.500,823.300,14601.600,37717.400
2,13,891.200,703.200,745.800,438.000,23.300,6048.400,252.800,45.800,768.100,852.500,641.900,1154.200,5572.800,1376.300,610.700,550.600,11672.600,32354.700
2,14,699.400,591.800,841.200,377.300,28.600,5634.600,353.900,46.700,661.000,789.400,624.000,1059.700,5768.200,1499.000,661.400,647.200,13431.600,33720.900
2,15,824.800,638.400,678.100,515.200,40.700,6296.500,213.700,73.000,858.200,1090.900,970.900,1397.600,6901.700,1331.300,730.200,623.800,13547.300,36740.600
2,16,1015.100,592.600,674.900,426.200,18.500,6196.800,236.600,45.600,648.300,938.200,720.600,1057.400,5013.200,1273.200,533.300,515.000,13110.900,33023.900
2,17,789.700,609.500,1049.500,404.600,21.400,7249.600,389.300,43.700,738.400,656.400,785.900,1049.000,5578.200,1541.600,558.600,579.500,12984.300,35037.300
2,18,649.500,662.100,905.900,458.600,27.800,7384.900,195.900,66.900,529.700,644.800,606.900,887.800,4531.500,1201.000,895.200,493.500,12031.000,32180.100
2,19,586.100,547.400,1053.000,391.800,19.000,6382.300,260.100,50.800,780.900,739.100,775.300,815.700,5023.600,1480.000,708.200,1569.200,12805.900,33995.900
2,20,686.100,676.400,644.600,382.400,18.300,6775.200,221.900,76.200,506.100,645.600,732.100,888.900,4485.200,1925.100,726.600,627.900,14533.700,34560.400
2,21,1250.000,1021.200,961.000,470.600,21.800,6328.000,204.300,55.300,806.300,753.700,746.900,848.700,5311.400,1255.900,586.400,680.500,11695.700,33008.100
2,22,586.300,576.200,1011.000,500.900,19.600,6715.400,226.100,39.000,632.200,725.200,803.400,950.300,6554.200,2268.700,551.900,637.600,11777.700,34584.000
2,23,2380.800,724.200,607.700,371.300,18.000,6078.300,171.100,33.700,547.800,634.400,548.200,785.300,5747.700,1284.500,538.600,556.800,11431.800,32467.900
2,24,1169.200,726.400,1112.900,418.000,18.900,5999.100,190.800,39.800,649.500,887.700,815.300,928.000,5784.200,1774.400,686.900,612.200,14423.200,36245.400
2,25,881.600,991.900,1090.000,563.400,30.800,6627.800,181.800,60.700,584.300,892.700,845.000,1420.500,6010.800,1496.000,896.100,800.400,16750.100,40133.600
2,26,1358.800,1096.500,1297.500,458.100,31.600,9385.900,339.100,60.600,884.200,776.600,844.200,1110.600,6265.200,1629.000,653.000,657.100,13457.000,40315.300
2,27,811.900,831.700,862.000,480.900,26.100,5639.300,148.200,36.500,569.700,891.100,811.700,1020.500,6467.300,1593.400,707.100,698.200,15432.900,37036.700
2,28,1499.900,967.200,869.200,537.700,20.000,7325.900,380.900,44.500,858.500,986.500,864.400,1639.300,5787.800,1771.100,875.000,959.600,16258.400,41656.200
2,29,1156.900,1127.200,1101.400,482.000,23.500,6777.200,342.100,65.300,1686.700,864.200,897.600,1510.900,7206.100,1877.700,945.700,815.000,15579.100,42470.500
2,30,1057.900,935.400,1035.900,511.200,51.500,8097.700,260.500,50.100,847.900,850.800,903.600,1232.200,7633.900,2760.900,1148.900,1041.100,17441.200,45875.200
2,31,1106.400,983.600,1097.200,780.000,31.900,7230.800,198.200,73.000,916.800,875.700,1858.100,1779.300,7779.200,1779.300,817.200,792.300,17067.000,45180.500
2,32,963.900,2248.100,1293.300,613.600,24.800,8224.300,275.200,53.900,862.600,993.400,896.000,1198.700,5913.300,1705.500,801.000,668.700,14007.000,40754.900
2,33,739.700,661.100,692.300,445.900,15.600,5421.600,228.000,34.100,594.900,647.900,647.700,873.900,5471.900,1379.500,661.200,606.700,17356.500,36486.800
2,34,896.000,555.400,747.300,405.000,22.000,5736.300,185.200,33.200,888.900,798.100,711.400,1213.500,5068.700,1649.200,686.500,966.500,14358.600,34932.400
2,35,1405.700,1302.600,765.200,481.100,21.900,8265.300,212.600,39.400,780.900,905.800,932.700,1291.600,6239.300,2052.800,999.200,1021.700,17161.800,43891.400
2,36,745.500,945.100,999.800,422.600,18.000,6294.100,179.500,70.400,667.100,768.100,772.000,1116.800,5857.600,1467.900,664.300,696.000,13629.700,35323.400
2,37,959.300,616.300,643.200,391.200,18.500,6030.100,148.200,34.800,603.700,673.400,645.500,1179.700,7053.000,1901.300,619.200,670.800,12936.900,35133.000
2,38,1021.200,560.900,556.900,425.200,16.100,6171.100,186.800,43.000,779.600,719.300,662.700,1151.600,5192.200,1248.600,560.300,582.600,16942.900,36828.400
2,39,780.700,748.500,844.400,554.800,19.100,7889.300,170.400,49.600,825.900,801.000,808.100,948.100,5478.500,1563.200,637.700,642.100,12866.800,35636.000
2,40,979.500,553.400,796.700,414.300,34.700,6819.600,187.200,33.100,637.000,652.100,858.000,1153.500,6425.700,1703.300,645.300,731.700,13761.700,36395.900
2,41,978.600,753.300,759.800,634.900,145.800,6178.500,156.000,34.800,540.100,752.000,692.300,742.200,6041.700,1410.800,716.800,502.600,13200.800,34249.400
2,42,585.000,612.900,725.700,356.900,13.800,6117.300,329.700,162.900,762.300,644.200,639.400,940.400,6289.300,1357.900,1113.500,704.700,15213.400,36577.400
2,43,829.800,606.900,650.600,395.700,14.800,5243.000,174.800,37.800,1356.800,775.900,892.400,1459.100,5022.400,1474.500,632.600,624.100,15873.000,36070.900
2,44,613.500,617.700,811.900,370.900,37.000,6817.400,184.500,64.000,641.800,658.100,703.300,989.900,5068.300,1362.700,662.200,594.900,13866.300,34073.000
2,45,729.700,736.300,740.500,437.700,16.100,17803.000,170.900,28.200,608.700,594.600,587.000,4337.500,5077.400,1422.700,688.900,603.400,15040.100,49631.100
2,46,691.400,576.300,849.100,326.400,10.800,8456.800,252.300,31.100,1223.600,559.600,541.100,998.400,7409.400,3828.700,800.100,833.000,17596.400,44993.700
2,47,1057.800,569.100,727.200,349.000,17.400,6180.600,142.700,31.600,788.800,667.900,534.500,3442.400,4404.100,1117.300,1221.000,779.600,40528.200,62568.300
2,48,1944.500,7472.500,6069.300,360.300,15.800,14122.600,162.700,46.500,2156.800,748.400,595.500,1755.300,5653.200,1395.100,635.400,674.800,15688.800,59508.800
2,49,1658.600,827.700,903.400,551.000,18.800,10235.100,151.700,31.000,788.200,789.300,684.800,958.000,7701.900,1586.000,616.600,519.300,17652.500,45684.400
2,50,1319.700,735.200,783.200,754.500,35.600,8666.000,349.500,60.400,813.100,1086.700,1170.700,957.000,14933.100,3324.700,1332.800,977.500,21075.200,58388.100
2,51,1367.100,1294.500,989.400,687.100,26.700,10480.000,389.500,69.700,1798.900,1464.200,1533.800,1954.300,7211.600,1809.500,943.800,890.300,19239.800,52165.600
2,52,1286.000,1071.000,1173.900,672.100,27.000,8978.300,415.100,67.300,1338.900,1369.300,1568.800,1492.900,8191.700,2112.300,965.800,930.700,18643.500,50317.600
2,53,1108.100,1019.800,1458.200,704.800,34.400,9269.000,622.500,69.200,1763.300,2134.600,1868.000,2386.400,7269.300,2333.900,1009.900,1036.600,18310.900,52414.800
2,54,1223.300,810.600,986.500,732.000,29.000,8300.200,390.600,157.100,740.100,1245.600,1221.900,1354.200,8255.900,2159.000,899.800,1213.100,21666.300,51398.800
2,55,1412.700,1353.400,1517.700,898.200,39.600,10321.200,307.700,63.100,1427.600,1559.000,2577.900,1854.200,8345.300,1916.900,900.900,757.000,19049.400,54317.400
2,56,1475.200,1396.700,942.200,689.800,27.300,8004.200,255.300,56.200,1059.500,1302.000,1309.200,1528.700,7547.100,1828.900,762.500,828.200,17070.700,46097.200
2,57,939.700,1081.000,1560.300,662.600,36.700,8597.500,279.300,55.900,1147.100,1383.500,1248.500,1836.500,7653.500,2150.100,1073.900,1172.100,23120.700,54015.100
2,58,1643.700,1661.200,1570.900,825.000,38.000,11096.200,347.000,127.300,1240.300,1626.300,1804.700,2017.200,8884.500,2863.300,1119.200,879.300,20834.300,58594.600
2,59,1366.400,1264.800,963.400,699.800,28.200,9623.100,346.400,123.600,1137.800,1339.500,1688.300,1625.300,8409.600,2117.800,1012.900,751.900,18381.000,50894.400
2,60,1342.300,1096.800,1154.200,735.600,37.700,10223.100,411.400,75.600,1029.200,1376.900,1338.300,1187.800,7038.500,2282.400,1324.400,1187.400,19912.300,51768.800
2,61,1439.300,891.500,978.000,846.500,31.200,10632.600,456.200,59.300,1248.100,1581.000,1561.100,1880.500,7479.800,2042.600,880.500,842.200,16026.300,48890.900
2,62,954.900,853.200,1232.800,664.300,42.200,7967.700,301.000,54.800,824.600,1111.100,1091.300,1146.300,9376.700,2464.100,1030.400,1019.800,22230.600,52379.300
2,63,1262.900,1587.400,1109.400,794.200,51.800,10601.800,524.200,61.000,1388.400,1524.500,1318.300,1485.900,7703.800,2266.700,938.600,1434.300,18443.700,52512.700
2,64,1394.400,863.200,1128.000,766.800,35.500,9142.800,462.100,82.300,1502.300,1445.800,1528.700,1851.700,8635.300,2904.000,1137.800,968.500,19156.400,53020.600
2,65,1217.600,965.600,1112.900,673.100,27.100,9086.800,270.400,50.200,1099.400,1361.600,1187.000,1452.100,8112.400,2120.600,1044.000,994.200,17432.000,48220.500
2,66,1069.800,871.800,1233.200,620.100,24.600,8189.400,247.100,50.400,1008.200,1423.700,1310.000,1276.200,7573.800,1722.100,983.700,1171.900,16812.100,45600.300
2,67,971.400,787.200,1380.100,684.700,30.400,10168.700,288.600,66.600,1532.000,1669.200,1609.200,2176.600,10508.900,2705.800,924.400,1263.800,17922.100,54705.200
2,68,1097.800,797.000,943.700,649.800,26.400,9096.400,249.800,54.700,1094.600,1152.800,1395.300,1691.400,6227.900,1795.900,745.400,814.000,17438.300,45284.000
2,69,1308.100,1269.000,1256.600,775.200,32.300,9290.800,253.400,54.100,960.400,1287.200,1544.300,1497.900,6374.200,2019.600,1009.200,724.300,18795.200,48466.300
2,70,1255.300,932.300,1502.300,739.900,38.600,12117.500,342.200,132.600,1485.400,1339.800,1646.500,2152.700,7382.600,2329.300,834.100,810.300,19106.700,54162.000
2,71,1348.300,1012.900,993.500,800.500,33.900,8770.200,248.500,57.800,1049.400,1745.700,1577.500,1357.100,8938.400,2996.600,1562.700,993.900,23007.100,56507.900
2,72,2126.800,1870.500,2230.400,805.400,36.400,14430.300,397.200,63.500,1627.100,1393.200,1919.500,2429.900,10255.100,3546.700,1408.900,1399.500,23413.300,69371.800
2,73,1660.700,1157.200,1522.400,764.000,34.800,12621.300,264.100,56.900,1523.700,1423.900,1694.400,2235.000,12186.000,2879.400,1194.600,1149.400,26708.500,69092.900
2,74,1453.800,1476.400,1438.100,790.100,38.900,13555.700,285.700,59.700,1282.200,1795.300,1484.400,1750.200,11766.900,3525.500,1771.800,1474.400,24230.800,68197.700
2,75,1433.700,1020.100,1228.400,925.800,33.400,10468.100,249.000,98.500,941.800,1377.000,1750.400,1708.200,7637.700,2987.500,1116.300,797.100,21524.700,55312.800
2,76,1356.200,928.500,1640.500,695.000,29.800,10878.100,271.500,103.800,1172.200,1787.600,1460.200,2455.800,10954.600,2908.200,1626.800,1539.900,28323.500,68149.900
2,77,1816.500,1320.000,1613.500,738.100,33.600,10959.300,292.400,57.000,1527.200,1355.000,1852.300,2142.400,10101.400,2860.100,1414.600,1320.900,25796.900,65219.100
2,78,1487.300,1697.800,1265.300,738.600,32.900,12472.800,255.300,61.300,1767.100,1367.400,1875.400,2048.500,11860.700,3630.100,1425.200,1450.300,24241.600,67694.700
2,79,1441.300,1365.100,1282.700,737.700,31.200,14597.100,309.100,62.500,2176.300,1439.800,1461.900,2023.100,10900.000,3331.200,1038.900,966.700,22742.400,65923.400
2,80,1477.300,1607.700,1467.400,697.500,33.700,18491.000,344.300,84.600,1799.800,1565.300,1819.000,2360.200,10540.800,3153.000,1434.400,1310.800,24398.000,72629.300
2,81,1166.700,1283.300,1431.000,701.900,30.300,9729.200,282.200,53.900,1359.000,1303.800,1235.200,1543.700,11585.200,2599.100,1078.800,1059.700,20273.700,56730.900
2,82,1510.500,1042.500,1272.100,722.300,30.200,9385.700,242.700,48.100,1258.000,1187.800,1331.500,1722.700,7880.000,1957.400,891.600,897.100,19555.200,50948.200
2,83,1274.300,1500.900,1956.900,839.800,48.500,12106.100,276.500,57.000,1445.800,1519.300,1526.000,2314.100,11916.100,3054.300,1229.600,1107.200,18579.200,60770.700
2,84,1515.300,1328.000,1117.100,760.400,75.500,9255.400,241.300,50.600,1177.300,1376.400,1563.400,1555.600,8946.500,1981.100,803.500,893.000,16752.400,49406.000
2,85,1071.600,861.100,866.700,633.300,28.100,8559.200,334.100,48.100,832.300,1171.500,1127.600,1174.100,7369.100,2081.000,1331.500,1032.400,20775.800,49310.800
2,86,1806.600,1712.100,1832.400,802.500,38.500,13235.100,425.100,78.000,1611.700,1480.700,1684.200,2035.300,9046.900,2483.800,1282.400,1119.300,21560.200,62252.700
2,87,1540.700,1249.900,1595.800,728.700,30.800,11984.400,496.200,66.100,1307.900,1321.100,1502.100,1690.100,11933.000,2690.000,1341.000,1041.500,24734.300,65272.400
2,88,1559.000,1355.800,1399.600,771.300,30.100,12294.700,289.500,54.500,1495.000,1740.000,1890.200,2186.600,10666.900,2126.000,836.100,930.700,25534.900,65176.800
2,89,1914.600,2292.500,2199.100,778.700,36.000,15957.900,257.800,46.100,1109.400,1347.900,1950.700,2083.500,12564.900,2869.000,2731.300,1730.400,24064.100,73953.200
2,90,1382.100,1381.600,1475.700,775.300,41.000,10945.200,233.100,46.700,1136.500,1335.000,1538.000,1927.100,10475.000,2877.900,1435.800,1406.900,25788.200,64217.500
2,91,1719.000,1669.500,2137.500,936.800,108.100,16665.800,269.900,54.000,1927.700,1625.300,1845.200,2370.400,13336.600,3505.300,1605.800,1489.700,34132.200,85421.300
2,92,1760.300,1581.000,2437.800,1011.000,142.100,18268.200,345.300,58.700,1738.600,1655.800,1929.100,2475.200,16010.900,4378.600,2005.000,1653.400,32574.700,90051.100
2,93,1911.800,1797.700,1878.400,943.900,48.900,19289.700,295.300,50.400,1753.100,1575.300,1536.700,2332.300,13406.000,3963.800,1802.700,1617.900,31753.900,85982.600
2,94,1877.700,1704.000,2111.200,817.400,47.600,16356.500,301.400,53.400,1775.100,1684.800,1664.800,2299.200,14561.400,3470.900,1757.200,1687.000,32992.000,85185.800
2,95,1438.200,1553.900,1853.300,837.700,39.900,15180.600,493.300,62.400,1600.000,1640.800,1717.800,2475.400,11711.200,3792.800,1879.100,1691.600,28008.400,75999.400
2,96,1545.700,1332.000,1672.900,794.600,38.800,13022.500,341.000,48.400,1638.500,1436.400,1494.600,2077.400,14997.900,3762.500,1796.900,1650.800,35446.200,83117.500
2,97,1710.300,1908.500,1826.200,929.800,40.400,17672.300,314.600,58.800,2034.300,1695.500,1990.100,2399.600,16495.500,4526.200,1964.500,1630.700,30902.100,88124.500
2,98,1609.400,1718.300,1972.700,813.300,31.500,18202.400,284.700,54.300,1854.100,1977.500,1621.200,3065.700,16070.500,4547.800,1881.500,1390.600,32315.800,89432.900
2,99,2585.700,1176.400,1951.300,841.000,35.300,13917.200,254.700,47.400,1695.500,1340.500,1497.100,2044.700,14712.000,3736.400,1962.800,1861.600,25531.800,75210.900
