iteration,transaction_setup,advisory_locks,t0_capture,ed25519_key_generation,spki_derivation,fingerprint_derivation,v040_staging,evidence_binding,manifest_framing,manifest_digest,plan_fingerprint,pre_sign_guard,sign,jca_verify,postgresql_verify,v043_staging,consistency_queries,pre_commit_guard,commit,query_first,total_us
-10,939.300,1139.300,1639.200,23332.200,72.300,91.500,15569.100,645.000,4037.000,52.700,422.300,1614.700,4220.000,2873.700,3091.300,22990.100,82897.900,1828.400,1577.800,36552.200,205596.000
-9,2664.500,3370.100,4002.200,1325.200,14.400,48.300,10412.700,281.600,451.300,52.700,417.600,4134.500,2062.900,4556.100,3383.900,15056.100,6556.000,1870.000,1159.000,23962.100,85793.600
-8,1604.200,1740.400,1354.500,830.300,34.000,64.900,8927.100,236.500,412.500,68.400,587.900,3289.000,1410.700,3156.100,1934.600,10932.700,4057.700,1262.300,886.400,18843.100,61644.100
-7,1118.900,914.100,775.300,586.200,9.200,28.100,7914.200,235.500,285.400,39.700,297.700,1255.100,1131.400,1281.500,1499.300,9657.400,4078.300,1216.300,934.300,17951.600,51216.800
-6,975.400,1031.500,1378.500,889.100,10.900,41.000,7380.500,262.500,696.600,70.500,5104.400,1878.100,1395.400,1769.100,2689.100,11330.600,5745.900,1572.400,1161.500,25082.100,70476.100
-5,1528.800,1256.000,1243.800,713.300,9.700,26.900,13032.200,173.100,460.000,39.200,172.000,1589.600,1802.700,1640.100,1931.500,13159.500,5185.700,2960.700,2268.800,27734.100,76938.000
-4,2102.800,1302.700,1667.400,684.900,9.900,29.800,11430.600,180.500,270.200,22.800,157.400,1741.400,1412.500,1429.400,1908.900,8828.800,4031.500,1180.500,1039.300,18805.700,58249.600
-3,1145.500,991.800,957.900,510.700,8.100,20.100,10168.600,142.300,387.200,34.100,96.300,1249.000,1316.200,1458.200,1734.200,9747.700,4631.600,1345.200,1093.900,21993.900,59042.000
-2,1673.300,1637.600,1697.800,682.900,13.000,44.400,13094.100,342.900,355.900,35.100,312.700,1583.300,1167.700,1796.800,2150.300,16942.500,5558.700,2671.100,1570.100,23914.200,77254.500
-1,1635.200,2221.600,1617.700,674.400,23.300,36.900,11511.300,138.000,295.300,25.400,119.000,1268.100,1152.200,2530.600,2039.600,9570.400,4250.300,1218.300,1033.800,17785.000,59155.700
0,1619.600,1059.100,952.200,500.900,14.000,19.500,7935.000,149.400,296.000,22.700,84.500,944.500,798.600,849.700,1111.100,6115.700,2295.500,912.000,905.200,19400.200,45993.200
1,1304.500,1420.300,1153.200,672.800,8.700,22.900,9575.000,175.300,320.400,33.400,141.200,1272.800,1027.200,1512.200,1384.400,7676.100,2988.000,763.200,900.600,16286.900,48647.000
2,931.800,837.400,882.100,417.500,7.300,15.300,6706.300,80.400,165.500,18.700,51.700,1061.200,876.500,1000.400,1611.700,7561.200,2543.900,899.000,1009.700,17474.700,44158.800
3,1370.300,1000.500,1103.700,671.500,11.100,73.800,9298.800,106.600,202.300,20.500,53.700,908.300,854.800,1156.200,1289.000,6983.900,2531.700,665.900,549.700,16045.300,44907.500
4,1012.400,636.200,778.400,422.600,7.500,17.100,6743.700,92.700,197.300,15.100,49.200,674.900,758.500,888.600,915.000,5787.600,2016.200,717.700,671.200,15568.700,37978.600
5,928.700,839.700,834.300,462.200,8.600,20.400,7496.700,123.000,261.100,36.600,80.500,1083.500,848.800,1439.500,1623.700,9336.600,2885.700,1223.100,832.200,17664.800,48039.100
6,1004.300,883.600,990.800,640.500,9.900,58.800,7743.300,115.400,395.300,61.200,91.500,856.400,811.400,1020.500,1111.400,6609.300,2464.600,756.100,709.500,14702.400,41044.600
7,657.000,818.100,737.700,452.900,8.600,19.800,7271.700,96.100,147.500,17.200,52.700,823.300,768.800,789.800,1177.700,7966.700,2617.200,919.600,886.700,15979.800,42216.400
8,750.500,845.900,859.800,430.000,7.700,19.300,6956.600,84.600,153.100,15.400,47.900,667.100,737.700,679.000,925.000,5332.600,2114.600,716.200,628.000,14028.800,36006.400
9,1441.000,882.900,954.600,565.800,9.200,25.000,6909.600,121.700,164.300,21.300,75.800,830.100,1047.200,953.500,1664.000,6642.800,2463.900,639.600,636.500,13815.600,39873.400
10,1004.800,800.800,856.500,488.600,6.700,16.000,6229.400,96.900,270.300,24.000,56.100,886.100,1177.900,857.400,1441.600,6324.300,2170.200,764.600,691.700,17909.100,42080.900
11,1381.700,996.800,993.500,665.800,10.100,50.000,8681.700,160.200,143.600,12.100,59.500,1781.900,1471.400,927.500,1450.200,5774.900,2629.700,769.600,607.800,13484.800,42060.300
12,707.100,824.000,715.600,420.600,7.100,14.700,5598.900,84.600,111.500,8.500,41.100,723.200,705.000,739.400,1005.400,5055.300,1712.900,611.800,605.300,13099.000,32797.800
13,699.800,560.500,777.200,389.000,7.600,13.400,5872.400,86.700,113.900,9.200,82.800,751.300,805.600,698.600,876.400,5188.400,1945.700,951.900,593.800,12952.500,33384.000
14,753.200,843.500,951.200,443.400,7.000,14.100,6837.100,93.000,154.500,9.300,45.200,579.800,689.300,733.800,958.100,5867.600,1828.700,660.200,613.800,13495.000,35585.800
15,631.300,720.100,707.300,523.200,9.500,25.400,7906.500,94.800,189.900,13.400,65.500,921.600,1248.200,869.200,1019.900,7653.100,2253.300,741.400,724.800,18480.600,44807.300
16,949.700,790.700,1012.400,477.700,9.700,13.400,6703.700,154.900,148.000,12.100,86.400,860.300,771.000,768.500,1080.400,6439.000,2080.500,811.200,689.600,17024.200,40894.400
17,1084.400,973.300,921.700,690.100,8.400,14.800,6864.900,110.000,122.500,10.600,51.300,657.000,793.400,731.800,988.600,7392.000,2174.800,929.000,992.600,15373.300,40894.100
18,789.300,803.200,1026.700,419.000,8.100,11.300,6574.400,88.000,145.200,11.800,45.700,962.100,838.100,741.600,1315.200,5422.400,2185.000,731.400,915.100,19713.900,42756.900
19,784.400,1261.200,912.500,441.100,7.800,11.300,6732.000,168.500,96.600,9.100,99.600,730.600,713.300,729.300,1245.800,6205.100,2419.600,842.800,746.800,23611.800,47780.100
20,2173.200,2161.700,1353.900,632.900,10.800,16.500,10693.900,125.500,167.400,13.300,93.500,1197.300,958.200,1427.500,1825.600,11077.700,4807.000,917.100,991.200,25009.200,65668.200
21,1001.300,1480.600,1395.800,616.300,10.400,17.100,12280.400,107.600,207.600,18.500,101.200,1521.600,1388.200,1259.600,1942.900,9474.500,2866.000,1071.200,805.500,17759.700,55344.100
22,943.700,778.600,858.700,470.500,8.000,12.600,6585.900,76.600,118.700,6.200,36.200,732.000,709.200,815.000,977.400,5959.300,2103.000,623.100,661.600,15449.700,37934.900
23,1042.100,1037.100,1457.900,571.900,9.200,17.600,7462.600,87.800,304.300,22.200,60.000,877.500,816.200,771.900,1108.200,7399.400,4854.200,1721.000,1552.600,21795.900,52983.600
24,1238.100,1427.600,1464.000,561.000,11.100,18.200,10798.400,90.900,150.500,7.700,42.900,798.500,1045.600,939.800,1500.900,14037.500,3953.600,1567.400,1316.100,22908.900,63896.600
25,1238.300,1344.300,1441.200,557.200,10.400,15.900,13557.100,121.300,138.700,7.200,44.900,1211.400,979.600,943.700,3075.300,10678.000,3167.000,1189.100,1112.700,23978.700,64828.900
26,1761.600,3869.100,4804.100,872.100,14.700,62.500,17136.600,117.500,162.400,59.900,81.200,1975.500,1169.400,1999.200,1899.800,9206.300,2734.400,904.100,916.300,21717.900,71485.700
27,1215.500,1019.000,1217.900,533.200,15.200,14.300,8517.100,88.700,127.600,6.300,50.500,1030.200,977.900,908.300,1693.700,8088.000,2697.000,1007.100,948.000,21414.200,51584.500
28,2022.000,1735.100,1884.400,942.200,11.500,27.700,14049.500,219.100,333.500,19.500,59.600,1642.600,986.600,1479.000,2378.400,12198.300,2979.200,1348.100,1502.700,23031.000,68869.800
29,1192.800,1465.200,1243.600,573.900,10.100,14.100,11058.900,125.400,232.600,13.200,72.000,1313.800,1255.100,1285.000,1478.800,8581.000,2779.000,1085.900,1309.000,23859.200,58965.600
30,1588.300,1245.500,1313.900,583.900,35.400,15.800,19656.200,158.400,301.300,24.200,90.700,3131.500,1718.000,1534.400,2396.000,16420.600,4446.800,2381.600,2234.300,37729.600,97028.800
31,1855.800,1703.700,1944.300,989.300,21.900,42.500,18111.200,273.800,264.500,19.900,99.900,2358.500,1756.900,1795.000,2197.400,14112.700,5679.300,2272.500,1772.400,40783.800,98078.100
32,1758.600,1613.500,1649.600,898.700,23.200,53.100,17869.300,137.300,328.500,20.100,155.100,1855.800,2873.400,1662.100,3245.800,15141.400,5619.500,1917.900,1740.000,32776.000,91361.700
33,1879.600,1832.000,2198.600,854.200,16.700,31.900,15353.200,128.600,161.700,7.300,51.600,1415.700,1611.800,1708.800,2271.500,12068.700,3470.300,1213.300,1061.900,22395.800,69753.400
34,1468.500,1494.200,1105.800,490.200,9.300,15.000,9443.500,95.500,147.800,7.300,581.600,2230.400,993.800,847.100,1992.000,9002.300,2981.000,1200.800,1709.300,21446.300,57281.700
35,1535.300,1169.300,1390.400,476.400,8.200,12.300,13735.900,92.700,135.900,6.000,58.500,1445.100,939.100,922.600,1691.100,12230.300,3539.200,1350.000,1716.500,24758.500,67230.200
36,1073.800,1499.900,1735.300,630.700,9.800,20.700,13190.600,90.500,139.000,6.600,51.400,1369.600,1405.900,1571.200,2118.500,9891.200,2380.500,916.700,1081.400,21545.700,60745.900
37,2030.800,1311.100,1489.700,496.600,12.100,15.700,13327.600,187.800,287.800,19.500,128.500,1628.400,1085.400,946.400,2790.500,12635.500,5009.600,1461.900,1383.700,21624.400,67893.100
38,1299.100,1547.500,1446.200,482.900,9.300,14.000,12725.200,115.600,137.000,5.900,46.200,1369.100,998.400,948.700,1981.500,12446.200,3174.900,1058.000,1148.100,22396.800,63367.000
39,1449.700,1111.300,1427.800,518.800,12.300,17.000,9356.900,88.300,192.000,7.200,43.300,1486.600,827.300,895.300,1886.500,6670.900,2386.100,978.000,1307.900,21264.100,51941.600
40,1254.900,1477.400,1574.700,517.500,24.100,15.200,11775.400,92.200,166.100,6.500,46.900,1612.500,1140.400,1015.800,1709.100,8322.900,3387.000,1274.000,1100.400,22678.500,59209.000
41,2447.500,2316.100,1833.400,1166.600,11.900,667.600,15626.600,143.400,352.500,27.400,93.200,1229.400,1686.800,1177.800,1807.000,13206.600,4983.500,1701.500,1190.800,21001.100,72692.800
42,1176.400,1041.100,893.900,449.800,9.200,10.100,11197.200,85.600,133.900,6.800,48.000,1579.700,887.200,1290.000,2087.400,12769.800,3384.800,1228.000,1119.200,20999.800,60416.700
43,2192.400,1339.900,1382.700,557.400,9.100,14.500,10521.100,89.200,187.500,7.000,113.400,1959.900,924.000,1026.800,2587.700,11384.700,5831.400,1523.300,1517.500,22005.200,65194.000
44,958.100,985.900,1141.200,469.700,8.300,37.000,7909.700,93.700,146.700,7.300,74.500,758.000,753.900,703.800,965.300,8211.200,2256.600,717.400,769.700,17290.300,44269.900
45,1162.600,1481.300,1095.600,459.900,9.100,8.600,11709.100,108.100,222.800,14.300,68.700,1343.200,832.700,965.800,1992.800,14303.200,3642.700,1249.100,1013.800,22812.000,64513.400
46,1258.900,1461.900,1629.600,563.400,10.700,40.800,10700.300,91.500,135.000,5.800,60.600,1172.000,850.300,863.400,1522.900,10993.200,3183.500,1227.500,1263.600,29107.800,66160.300
47,1762.300,1613.900,2199.700,862.400,12.000,24.100,15029.200,96.400,162.500,11.200,82.400,1919.800,1915.600,2246.600,2510.600,14284.200,4762.400,1649.100,1610.200,29176.500,81953.200
48,1929.500,1777.300,1950.900,911.000,13.500,31.300,15274.600,120.900,223.500,15.800,69.400,1476.900,1408.500,1285.700,2419.400,13201.500,4621.100,1807.400,1518.700,25914.000,75997.400
49,1769.400,1286.800,1136.500,632.100,8.700,12.900,7766.900,67.600,111.600,5.000,37.300,1007.900,798.300,872.600,2053.300,7498.400,3465.100,1405.900,1206.900,22337.000,53497.600
50,1338.800,2731.100,1304.000,487.300,8.400,8.600,13206.500,85.000,210.200,9.800,44.100,1302.700,872.800,1055.900,1638.800,13705.900,3832.300,1786.700,1383.200,23545.600,68575.400
51,1565.200,1249.500,1634.800,843.500,14.500,20.600,15079.600,101.500,224.100,13.800,48.500,1530.900,1222.200,1151.800,2145.400,11151.500,4350.000,1513.200,1860.500,27346.600,73086.900
52,1836.600,2367.900,2543.000,929.600,65.100,22.200,16187.200,116.500,326.900,17.000,84.000,1633.500,1628.100,1753.700,2606.800,13452.800,4318.900,1592.300,1683.600,26959.100,80148.700
53,1492.300,1703.800,1505.600,858.100,12.400,19.300,15174.400,132.200,519.600,29.600,133.800,2205.900,1495.700,2216.400,2141.500,11631.700,3035.900,1081.100,1123.200,23807.800,70341.600
54,1579.100,1359.800,1527.600,534.800,9.200,9.200,11022.400,85.300,255.600,8.100,122.000,1481.500,994.300,1205.300,2138.700,9092.000,3650.200,1522.700,1428.600,23731.000,61775.200
55,1423.600,1107.800,2970.900,560.800,9.200,9.700,9203.000,88.900,137.900,7.100,58.200,1101.700,1053.300,896.300,1674.000,10613.100,3074.200,1301.000,1169.100,19647.300,56123.300
56,1426.400,940.300,963.800,505.400,8.500,7.500,8059.200,91.800,116.100,6.800,47.600,1746.300,1213.100,1194.300,1750.100,10185.900,3865.800,1943.900,1689.800,24314.600,60094.800
57,1848.800,1941.500,2096.100,628.300,9.600,13.800,17121.100,150.500,321.800,20.500,80.500,2457.600,1783.000,1771.700,2372.300,10111.800,3179.600,828.200,1048.800,19669.600,67477.800
58,1024.700,960.900,2216.700,758.200,8.500,18.800,12686.200,117.200,132.100,6.200,45.600,3039.900,1290.300,1073.500,2306.000,9584.100,4017.100,1075.000,1058.100,17505.600,58942.400
59,1032.800,914.600,1156.900,439.400,8.000,7.300,10279.200,85.900,154.000,5.400,38.000,1007.300,772.200,966.900,1261.900,7822.000,2799.000,1345.000,1029.800,21397.000,52538.400
60,1649.700,1732.900,1983.100,805.400,15.500,16.300,19170.300,113.400,192.200,14.400,108.000,1426.300,1014.200,1148.700,2010.100,14707.500,3708.400,1527.600,1690.200,28910.500,81965.900
61,1525.100,1460.600,1590.000,598.500,12.300,24.200,15387.400,113.500,316.600,31.400,80.600,1461.100,1206.700,1017.200,2313.500,10303.400,3526.600,1383.100,1567.500,25921.300,69860.900
62,1314.300,1341.500,1180.200,504.100,8.900,10.000,12045.500,125.200,327.900,23.600,82.200,1527.000,1725.500,1131.700,2162.800,9527.600,4066.500,1438.700,1646.400,25434.700,65643.700
63,2113.600,1422.500,1751.000,538.700,16.100,10.000,13204.900,107.500,352.000,17.800,69.800,1737.300,1086.700,905.500,2278.500,12229.900,3851.400,1144.700,1181.900,26067.400,70106.800
64,1469.000,1852.900,1535.600,548.200,10.900,8.800,11565.800,78.400,122.300,5.400,52.400,1969.600,1133.300,1285.500,2191.100,10575.900,13266.500,7148.700,3933.300,33400.400,92174.500
65,2070.600,1891.900,1878.500,916.200,18.900,32.200,17183.700,155.500,199.300,16.000,76.900,2036.600,1665.100,1699.700,2632.000,16002.300,4930.900,1917.800,1743.800,35290.000,92380.600
66,2405.500,1819.000,1975.600,793.400,9.600,23.300,19140.200,125.100,193.500,17.600,79.200,2047.600,1805.700,1414.500,2895.400,14479.800,4532.300,1650.400,1595.400,31369.900,88395.600
67,1933.700,1461.900,1714.100,901.700,46.800,30.800,14663.400,113.700,174.400,12.900,78.100,1592.800,1565.700,7754.700,2192.200,15882.600,4151.700,1711.300,1712.300,28242.400,85957.800
68,1574.600,1603.500,1394.600,591.000,8.800,13.300,12985.100,109.200,162.200,12.500,66.700,2667.100,1713.300,1691.300,2448.900,11843.900,4922.500,1541.300,1786.400,27495.700,74653.500
69,1217.500,1542.800,1432.400,519.400,8.600,9.600,16354.400,124.300,195.400,12.800,70.600,1767.600,1512.900,1160.200,2257.400,13476.300,4271.100,1373.700,1676.800,26166.900,75169.700
70,2102.200,2266.800,1818.500,841.100,12.000,24.600,16470.200,129.200,110.700,7.200,46.500,1839.900,1567.200,1804.900,2449.500,15549.600,5116.600,2748.400,2155.400,37300.400,94385.800
71,2179.300,2019.700,2170.400,965.700,17.400,33.900,16192.900,102.900,118.200,6.100,43.100,1341.900,984.000,1590.300,2558.600,15140.100,4243.800,1710.700,1661.600,27977.100,81081.500
72,1539.500,1784.500,3116.700,913.500,17.300,21.700,16594.800,129.600,302.100,24.200,66.300,1830.200,1656.300,1924.900,2524.300,13396.900,4033.500,1422.500,2847.500,23183.400,77352.600
73,1375.000,1196.300,1329.700,494.900,9.000,7.400,13007.700,110.700,173.300,13.300,59.700,2000.900,1195.500,1159.000,2064.200,13851.900,4136.200,1939.300,1650.900,32709.900,78504.500
74,1653.300,1632.700,1757.300,823.500,16.300,22.400,12952.500,76.200,118.100,7.000,102.100,1367.700,981.200,1217.700,2421.200,11303.900,3519.200,1450.500,1209.300,24171.600,66823.500
75,2883.600,1598.400,1982.800,1160.600,12.000,21.800,15777.500,126.400,267.000,19.100,126.100,1983.000,1252.900,1036.200,2508.500,17879.100,5248.200,1679.600,1741.100,25114.100,82440.500
76,1775.800,1721.700,1724.900,563.000,10.000,8.600,15406.800,87.400,133.800,7.700,75.900,1631.300,1685.700,1536.200,2282.000,14251.200,3538.500,1879.800,1494.900,24825.900,74660.300
77,1331.300,1591.900,1376.100,508.100,8.100,7.900,11811.900,89.100,106.800,4.600,34.600,2176.000,865.500,951.500,2510.400,12627.800,3580.300,1685.400,1516.100,28715.200,71517.800
78,1751.400,1759.900,1639.000,816.100,9.900,26.400,17228.700,176.000,151.600,15.700,61.600,1895.300,1805.400,1931.800,2811.700,13568.100,3833.500,1754.900,1205.300,23504.100,75968.600
79,1677.300,1629.700,1613.700,819.800,13.900,16.400,14777.000,115.400,167.500,11.200,62.300,1697.700,1554.100,1311.300,2344.400,13365.200,4073.000,1692.000,1593.100,30097.900,78652.200
80,1503.300,2022.000,2002.200,896.400,16.900,23.400,18573.000,116.400,162.700,10.700,63.100,1965.700,1246.900,1588.900,2372.100,14164.900,4391.700,1795.300,1922.800,26288.400,81148.400
81,1779.200,1748.700,1509.600,578.100,9.500,11.100,14892.500,121.900,177.400,11.800,67.600,2375.500,1315.500,1170.300,2193.200,14559.800,3997.400,1335.400,1846.400,23763.900,73484.800
82,1516.800,1532.000,1449.300,544.600,8.900,10.100,15009.500,83.000,109.800,5.800,35.500,1169.300,918.800,912.700,1394.600,10261.400,3702.900,1169.600,1089.200,16567.500,57505.600
83,1183.200,1051.900,984.700,404.200,8.000,7.000,7280.000,73.700,127.100,4.900,30.000,893.200,762.800,723.700,1349.600,8020.300,2670.000,973.100,854.200,15517.300,42933.700
84,946.600,961.300,907.000,662.500,8.100,36.400,9965.800,75.700,108.500,6.800,43.600,1063.300,903.100,818.700,1175.700,6580.000,2972.900,1517.700,1223.600,23881.100,53874.700
85,1992.900,1679.300,2007.600,516.200,9.000,10.200,16646.700,182.700,210.700,12.300,62.700,2389.800,1574.800,1422.600,2773.400,15756.600,4850.000,1803.900,1923.200,25763.100,81618.900
86,1635.400,1406.700,1108.200,529.700,9.500,8.900,10982.100,84.000,208.600,8.300,59.100,1154.400,840.300,807.600,1491.500,9219.600,3204.600,901.400,904.100,22365.900,56945.500
87,1412.600,2100.500,1460.200,463.600,8.300,7.300,13699.900,105.400,152.700,11.400,143.300,1836.400,954.700,947.300,2474.800,12510.800,4962.700,1629.800,1168.300,19747.000,65816.100
88,995.700,860.900,1010.000,441.400,8.300,8.000,6935.800,66.100,85.400,3.500,22.400,865.600,683.500,660.900,1045.900,5003.500,1894.100,794.000,721.600,14621.800,36740.200
89,1369.700,1134.300,974.800,419.500,7.900,6.500,7422.800,55.000,75.800,4.000,22.900,843.500,742.300,753.100,1240.400,6361.800,1968.500,721.200,700.100,17205.600,42041.700
90,927.000,943.700,958.100,554.200,10.100,17.500,8597.000,81.100,90.000,4.500,26.700,843.100,780.800,787.100,1227.300,6623.700,2744.200,1100.200,1162.700,19112.000,46605.500
91,928.300,1054.900,913.900,409.800,36.300,8.100,7032.900,75.500,97.300,4.600,27.300,835.100,770.400,701.300,1608.800,5255.300,2072.300,756.300,784.500,16616.500,40001.700
92,1001.300,1093.700,1286.200,452.100,29.000,8.200,7806.900,84.500,129.300,5.800,32.900,879.200,800.200,782.800,1202.200,8046.100,2510.500,774.600,678.400,14749.000,42365.500
93,770.500,773.700,754.600,386.800,7.700,6.100,7270.400,66.600,90.800,5.600,99.900,1070.200,798.600,748.900,1572.300,7305.200,1998.900,827.400,856.500,14891.800,40320.300
94,743.800,923.200,738.600,420.800,7.500,6.100,7737.800,66.900,116.200,6.600,32.200,716.200,700.700,679.300,1021.400,7454.000,2181.500,717.600,663.800,17930.200,42875.800
95,1088.800,815.600,1294.700,474.100,7.800,7.600,9374.000,70.500,161.400,6.300,25.500,1101.900,783.800,745.500,1156.100,6146.500,2097.900,1216.000,997.000,33818.000,61404.200
96,3163.200,1673.200,1406.900,573.100,11.500,8.800,11997.900,83.600,94.300,6.300,27.700,1040.100,864.900,778.700,1219.800,9469.000,3613.300,1470.200,1420.600,20178.600,59120.200
97,1032.700,763.300,831.500,421.900,7.600,6.500,7817.700,73.100,76.200,3.500,22.200,826.200,665.000,743.600,1180.600,5293.000,1771.900,631.200,1035.300,17127.300,40344.300
98,1110.300,1196.700,1369.600,469.100,9.300,8.100,9590.400,103.000,89.300,4.000,22.100,1170.500,788.400,869.600,1746.900,7357.100,1952.200,723.000,711.900,17408.100,46714.600
99,1058.500,1057.800,1235.400,406.300,8.600,12.500,7488.400,86.200,86.800,5.900,35.300,748.100,722.400,658.900,1094.800,7182.000,2000.800,677.100,727.000,18495.100,43802.700
